5/14/2024  09:15:13,823613;-2,855253E-3;-2,008034E-2;-3,595317E-2;-5,382217E-2
5/14/2024  09:15:13,823713;-1,568184E-1;-1,741078E-1;-1,919768E-1;-2,065295E-1
5/14/2024  09:15:13,823813;-2,988365E-1;-3,096867E-1;-3,253663E-1;-3,368282E-1
5/14/2024  09:15:13,823913;-4,086262E-1;-4,180598E-1;-4,290066E-1;-4,372811E-1
5/14/2024  09:15:13,824013;-4,819055E-1;-4,838051E-1;-4,926269E-1;-4,922084E-1
5/14/2024  09:15:13,824113;-5,024147E-1;-5,044430E-1;-5,040567E-1;-5,025434E-1
5/14/2024  09:15:13,824213;-4,811971E-1;-4,760457E-1;-4,666443E-1;-4,572429E-1
5/14/2024  09:15:13,824313;-4,064369E-1;-3,960696E-1;-3,872800E-1;-3,718257E-1
5/14/2024  09:15:13,824413;-2,973876E-1;-2,797762E-1;-2,657708E-1;-2,525059E-1
5/14/2024  09:15:13,824513;-1,562066E-1;-1,398509E-1;-1,235273E-1;-1,051432E-1
5/14/2024  09:15:13,824613;-2,018146E-3;1,823342E-2;3,581268E-2;5,284462E-2
5/14/2024  09:15:13,824713;1,557448E-1;1,728412E-1;1,895191E-1;2,052311E-1
5/14/2024  09:15:13,824813;2,962192E-1;3,096453E-1;3,216870E-1;3,339862E-1
5/14/2024  09:15:13,824913;4,077497E-1;4,183426E-1;4,245889E-1;4,334753E-1
5/14/2024  09:15:13,825013;4,775856E-1;4,842505E-1;4,837675E-1;4,925896E-1
5/14/2024  09:15:13,825113;5,006068E-1;5,050178E-1;5,017015E-1;5,001238E-1
5/14/2024  09:15:13,825213;4,765875E-1;4,724340E-1;4,658980E-1;4,575267E-1
5/14/2024  09:15:13,825313;4,065906E-1;3,953216E-1;3,841492E-1;3,735886E-1
5/14/2024  09:15:13,825413;2,937401E-1;2,798310E-1;2,646019E-1;2,509505E-1
5/14/2024  09:15:13,825513;1,528149E-1;1,355253E-1;1,206183E-1;1,020087E-1
5/14/2024  09:15:13,825613;-6,074896E-3;-1,946861E-2;-3,646831E-2;-5,266310E-2
5/14/2024  09:15:13,825713;-1,588145E-1;-1,722404E-1;-1,901416E-1;-2,050485E-1
5/14/2024  09:15:13,825813;-2,978062E-1;-3,104594E-1;-3,253019E-1;-3,390176E-1
5/14/2024  09:15:13,825913;-4,109444E-1;-4,191223E-1;-4,260445E-1;-4,352205E-1
5/14/2024  09:15:13,826013;-4,795551E-1;-4,831611E-1;-4,898258E-1;-4,915644E-1
5/14/2024  09:15:13,826113;-5,006760E-1;-5,039923E-1;-5,023181E-1;-5,016741E-1
5/14/2024  09:15:13,826213;-4,811005E-1;-4,733412E-1;-4,675136E-1;-4,611709E-1
5/14/2024  09:15:13,826313;-4,112341E-1;-3,945242E-1;-3,834808E-1;-3,731136E-1
5/14/2024  09:15:13,826413;-2,959066E-1;-2,784562E-1;-2,674128E-1;-2,540191E-1
5/14/2024  09:15:13,826513;-1,578808E-1;-1,371142E-1;-1,217887E-1;-1,054652E-1
5/14/2024  09:15:13,826613;4,931763E-4;1,662359E-2;3,384870E-2;5,236167E-2
5/14/2024  09:15:13,826713;1,539096E-1;1,715856E-1;1,872653E-1;2,041042E-1
5/14/2024  09:15:13,826813;2,965734E-1;3,103215E-1;3,223309E-1;3,356605E-1
5/14/2024  09:15:13,826913;4,070092E-1;4,166040E-1;4,277442E-1;4,344412E-1
5/14/2024  09:15:13,827013;4,765231E-1;4,845725E-1;4,853774E-1;4,913661E-1
5/14/2024  09:15:13,827113;5,021200E-1;5,034401E-1;5,008322E-1;4,990291E-1
5/14/2024  09:15:13,827213;4,758792E-1;4,722731E-1;4,656726E-1;4,593941E-1
5/14/2024  09:15:13,827313;4,066228E-1;3,956758E-1;3,851152E-1;3,726549E-1
5/14/2024  09:15:13,827413;2,949314E-1;2,797988E-1;2,657932E-1;2,496948E-1
5/14/2024  09:15:13,827513;1,531047E-1;1,368776E-1;1,208115E-1;1,032966E-1
5/14/2024  09:15:13,827613;-1,438610E-3;-2,053109E-2;-3,643612E-2;-5,459489E-2
5/14/2024  09:15:13,827713;-1,568506E-1;-1,731097E-1;-1,900450E-1;-2,056280E-1
5/14/2024  09:15:13,827813;-2,955203E-1;-3,115540E-1;-3,243038E-1;-3,365384E-1
5/14/2024  09:15:13,827913;-4,103326E-1;-4,189613E-1;-4,272680E-1;-4,379250E-1
5/14/2024  09:15:13,828013;-4,772370E-1;-4,830323E-1;-4,904053E-1;-4,907595E-1
5/14/2024  09:15:13,828113;-5,052802E-1;-5,058597E-1;-5,013200E-1;-5,017707E-1
5/14/2024  09:15:13,828213;-4,790722E-1;-4,763033E-1;-4,665477E-1;-4,616538E-1
5/14/2024  09:15:13,828313;-4,087550E-1;-3,973897E-1;-3,881493E-1;-3,753029E-1
5/14/2024  09:15:13,828413;-2,949729E-1;-2,800016E-1;-2,680568E-1;-2,529245E-1
5/14/2024  09:15:13,828513;-1,568827E-1;-1,376293E-1;-1,213380E-1;-1,063989E-1
5/14/2024  09:15:13,828613;-1,181038E-3;1,797584E-2;3,371991E-2;5,120260E-2
5/14/2024  09:15:13,828713;1,548433E-1;1,716177E-1;1,860097E-1;2,017860E-1
5/14/2024  09:15:13,828813;2,942552E-1;3,092590E-1;3,216226E-1;3,352097E-1
5/14/2024  09:15:13,828913;4,051740E-1;4,166684E-1;4,246855E-1;4,352140E-1
5/14/2024  09:15:13,829013;4,791311E-1;4,836065E-1;4,883717E-1;4,932336E-1
5/14/2024  09:15:13,829113;5,009609E-1;5,048890E-1;5,028284E-1;4,984817E-1
5/14/2024  09:15:13,829213;4,789057E-1;4,721765E-1;4,665741E-1;4,577521E-1
5/14/2024  09:15:13,829313;4,056569E-1;3,955470E-1;3,857591E-1;3,739106E-1
5/14/2024  09:15:13,829413;2,953499E-1;2,817950E-1;2,661796E-1;2,507895E-1
5/14/2024  09:15:13,829513;1,543282E-1;1,384230E-1;1,198134E-1;1,007852E-1
5/14/2024  09:15:13,829613;-9,878597E-4;-1,682850E-2;-3,791715E-2;-5,221235E-2
5/14/2024  09:15:13,829713;-1,579130E-1;-1,728843E-1;-1,907855E-1;-2,057568E-1
5/14/2024  09:15:13,829813;-2,970335E-1;-3,092359E-1;-3,241428E-1;-3,377297E-1
5/14/2024  09:15:13,829913;-4,101717E-1;-4,204745E-1;-4,275900E-1;-4,395670E-1
5/14/2024  09:15:13,830013;-4,796195E-1;-4,861554E-1;-4,897292E-1;-4,926913E-1
5/14/2024  09:15:13,830113;-5,029942E-1;-5,016097E-1;-4,996136E-1;-5,005473E-1
5/14/2024  09:15:13,830213;-4,796195E-1;-4,731802E-1;-4,666443E-1;-4,597864E-1
5/14/2024  09:15:13,830313;-4,034748E-1;-3,986453E-1;-3,890830E-1;-3,733711E-1
5/14/2024  09:15:13,830413;-2,942646E-1;-2,806133E-1;-2,679280E-1;-2,533430E-1
5/14/2024  09:15:13,830513;-1,546290E-1;-1,403016E-1;-1,239459E-1;-1,052720E-1
5/14/2024  09:15:13,830613;-1,953753E-3;1,739631E-2;3,275402E-2;5,181433E-2
5/14/2024  09:15:13,830713;1,541350E-1;1,718109E-1;1,847218E-1;2,047481E-1
5/14/2024  09:15:13,830813;2,959939E-1;3,091946E-1;3,190147E-1;3,364332E-1
5/14/2024  09:15:13,830913;4,049486E-1;4,135130E-1;4,246211E-1;4,324772E-1
5/14/2024  09:15:13,831013;4,779076E-1;4,850554E-1;4,839607E-1;4,922998E-1
5/14/2024  09:15:13,831113;4,989647E-1;5,015405E-1;5,023454E-1;5,016049E-1
5/14/2024  09:15:13,831213;4,761367E-1;4,738185E-1;4,657048E-1;4,577843E-1
5/14/2024  09:15:13,831313;4,077497E-1;3,962554E-1;3,846966E-1;3,736852E-1
5/14/2024  09:15:13,831413;2,956075E-1;2,805716E-1;2,688519E-1;2,508217E-1
5/14/2024  09:15:13,831513;1,564209E-1;1,352034E-1;1,183646E-1;1,056147E-1
5/14/2024  09:15:13,831613;-1,020056E-3;-1,814855E-2;-3,369942E-2;-5,066693E-2
5/14/2024  09:15:13,831713;-1,562388E-1;-1,711779E-1;-1,873727E-1;-2,052739E-1
5/14/2024  09:15:13,831813;-2,952305E-1;-3,083988E-1;-3,220823E-1;-3,352184E-1
5/14/2024  09:15:13,831913;-4,057608E-1;-4,176090E-1;-4,269782E-1;-4,358323E-1
5/14/2024  09:15:13,832013;-4,787180E-1;-4,856403E-1;-4,893751E-1;-4,935928E-1
5/14/2024  09:15:13,832113;-5,042177E-1;-5,030264E-1;-5,047972E-1;-4,994848E-1
5/14/2024  09:15:13,832213;-4,786536E-1;-4,749188E-1;-4,675780E-1;-4,621368E-1
5/14/2024  09:15:13,832313;-4,079501E-1;-3,999010E-1;-3,833198E-1;-3,738541E-1
5/14/2024  09:15:13,832413;-2,968725E-1;-2,817402E-1;-2,677026E-1;-2,527313E-1
5/14/2024  09:15:13,832513;-1,544680E-1;-1,401728E-1;-1,233020E-1;-1,063345E-1
5/14/2024  09:15:13,832613;-2,436699E-3;1,746070E-2;3,384870E-2;5,126699E-2
5/14/2024  09:15:13,832713;1,522354E-1;1,704587E-1;1,864604E-1;2,036534E-1
5/14/2024  09:15:13,832813;2,979257E-1;3,069730E-1;3,208499E-1;3,347590E-1
5/14/2024  09:15:13,832913;4,073312E-1;4,170547E-1;4,252328E-1;4,337651E-1
5/14/2024  09:15:13,833013;4,778110E-1;4,829304E-1;4,873736E-1;4,938453E-1
5/14/2024  09:15:13,833113;5,025064E-1;5,018947E-1;5,012185E-1;4,986749E-1
5/14/2024  09:15:13,833213;4,787769E-1;4,721121E-1;4,655760E-1;4,588468E-1
5/14/2024  09:15:13,833313;4,064619E-1;3,935830E-1;3,839239E-1;3,720109E-1
5/14/2024  09:15:13,833413;2,955753E-1;2,815697E-1;2,657932E-1;2,538482E-1
5/14/2024  09:15:13,833513;1,557448E-1;1,373283E-1;1,217774E-1;1,053249E-1
5/14/2024  09:15:13,833613;-5,416311E-5;-1,801977E-2;-3,469751E-2;-5,272750E-2
5/14/2024  09:15:13,833713;-1,567862E-1;-1,725624E-1;-1,894011E-1;-2,032133E-1
5/14/2024  09:15:13,833813;-2,959066E-1;-3,080124E-1;-3,245936E-1;-3,356048E-1
5/14/2024  09:15:13,833913;-4,084975E-1;-4,172227E-1;-4,216336E-1;-4,333531E-1
5/14/2024  09:15:13,834013;-4,778487E-1;-4,818411E-1;-4,885379E-1;-4,926591E-1
5/14/2024  09:15:13,834113;-5,031874E-1;-5,050870E-1;-5,034449E-1;-5,008692E-1
5/14/2024  09:15:13,834213;-4,786536E-1;-4,730514E-1;-4,647447E-1;-4,591747E-1
5/14/2024  09:15:13,834313;-4,112985E-1;-3,984200E-1;-3,867970E-1;-3,752063E-1
5/14/2024  09:15:13,834413;-2,982891E-1;-2,827705E-1;-2,691514E-1;-2,507351E-1
5/14/2024  09:15:13,834513;-1,559169E-1;-1,422012E-1;-1,229478E-1;-1,056905E-1
5/14/2024  09:15:13,834613;-1,470806E-3;1,552891E-2;3,326916E-2;5,042988E-2
5/14/2024  09:15:13,834713;1,541350E-1;1,709738E-1;1,848184E-1;2,035569E-1
5/14/2024  09:15:13,834813;2,950923E-1;3,079711E-1;3,227495E-1;3,351453E-1
5/14/2024  09:15:13,834913;4,053672E-1;4,154127E-1;4,253938E-1;4,347310E-1
5/14/2024  09:15:13,835013;4,773924E-1;4,822864E-1;4,860213E-1;4,899494E-1
5/14/2024  09:15:13,835113;5,025064E-1;5,017015E-1;5,029250E-1;4,992867E-1
5/14/2024  09:15:13,835213;4,790667E-1;4,693109E-1;4,681840E-1;4,581384E-1
5/14/2024  09:15:13,835313;4,051740E-1;3,972535E-1;3,835053E-1;3,732988E-1
5/14/2024  09:15:13,835413;2,970886E-1;2,804106E-1;2,667913E-1;2,534296E-1
5/14/2024  09:15:13,835513;1,549399E-1;1,397753E-1;1,233872E-1;1,050030E-1
5/14/2024  09:15:13,835613;1,390155E-4;-1,734364E-2;-3,215399E-2;-4,889612E-2
5/14/2024  09:15:13,835713;-1,550154E-1;-1,705984E-1;-1,862458E-1;-2,041792E-1
5/14/2024  09:15:13,835813;-2,963574E-1;-3,095579E-1;-3,211164E-1;-3,338661E-1
5/14/2024  09:15:13,835913;-4,080467E-1;-4,171261E-1;-4,245957E-1;-4,352527E-1
5/14/2024  09:15:13,836013;-4,801668E-1;-4,862520E-1;-4,876042E-1;-4,912103E-1
5/14/2024  09:15:13,836113;-5,059885E-1;-5,030908E-1;-5,044752E-1;-5,029942E-1
5/14/2024  09:15:13,836213;-4,805210E-1;-4,720211E-1;-4,665477E-1;-4,610743E-1
5/14/2024  09:15:13,836313;-4,088516E-1;-3,957799E-1;-3,866039E-1;-3,739507E-1
5/14/2024  09:15:13,836413;-2,980960E-1;-2,820944E-1;-2,657708E-1;-2,538260E-1
5/14/2024  09:15:13,836513;-1,553373E-1;-1,396899E-1;-1,239459E-1;-1,066564E-1
5/14/2024  09:15:13,836613;-1,148842E-3;1,556111E-2;3,272182E-2;5,094503E-2
5/14/2024  09:15:13,836713;1,536520E-1;1,698147E-1;1,855589E-1;2,029773E-1
5/14/2024  09:15:13,836813;2,939655E-1;3,068442E-1;3,213972E-1;3,352419E-1
5/14/2024  09:15:13,836913;4,050130E-1;4,174411E-1;4,261021E-1;4,357291E-1
5/14/2024  09:15:13,837013;4,785837E-1;4,808376E-1;4,847978E-1;4,907866E-1
5/14/2024  09:15:13,837113;5,008643E-1;5,026352E-1;5,013151E-1;4,992545E-1
5/14/2024  09:15:13,837213;4,803546E-1;4,716613E-1;4,644813E-1;4,585248E-1
5/14/2024  09:15:13,837313;4,086191E-1;3,986701E-1;3,889466E-1;3,738140E-1
5/14/2024  09:15:13,837413;2,950601E-1;2,824712E-1;2,674996E-1;2,534940E-1
5/14/2024  09:15:13,837513;1,542316E-1;1,389060E-1;1,222925E-1;1,041981E-1
5/14/2024  09:15:13,837613;1,909819E-3;-1,608798E-2;-3,305549E-2;-5,292067E-2
5/14/2024  09:15:13,837713;-1,535343E-1;-1,718862E-1;-1,852799E-1;-2,013137E-1
5/14/2024  09:15:13,837813;-2,959710E-1;-3,109101E-1;-3,227262E-1;-3,366994E-1
5/14/2024  09:15:13,837913;-4,058251E-1;-4,154519E-1;-4,253040E-1;-4,344800E-1
5/14/2024  09:15:13,838013;-4,787180E-1;-4,842236E-1;-4,877008E-1;-4,918220E-1
5/14/2024  09:15:13,838113;-5,065358E-1;-5,047972E-1;-5,010946E-1;-5,005473E-1
5/14/2024  09:15:13,838213;-4,791688E-1;-4,731480E-1;-4,682219E-1;-4,588205E-1
5/14/2024  09:15:13,838313;-4,098497E-1;-3,995468E-1;-3,876985E-1;-3,741117E-1
5/14/2024  09:15:13,838413;-2,963252E-1;-2,833822E-1;-2,700529E-1;-2,543089E-1
5/14/2024  09:15:13,838513;-1,547256E-1;-1,396577E-1;-1,240425E-1;-1,081697E-1
5/14/2024  09:15:13,838613;-3,434789E-3;1,343615E-2;3,265743E-2;4,972156E-2
5/14/2024  09:15:13,838713;1,525895E-1;1,680761E-1;1,867502E-1;2,022046E-1
5/14/2024  09:15:13,838813;2,934181E-1;3,076813E-1;3,210109E-1;3,340184E-1
5/14/2024  09:15:13,838913;4,062687E-1;4,141570E-1;4,263275E-1;4,341515E-1
5/14/2024  09:15:13,839013;4,783584E-1;4,828338E-1;4,871482E-1;4,923964E-1
5/14/2024  09:15:13,839113;5,003170E-1;5,026674E-1;4,992545E-1;5,002204E-1
5/14/2024  09:15:13,839213;4,778110E-1;4,783906E-1;4,637408E-1;4,593297E-1
5/14/2024  09:15:13,839313;4,076532E-1;3,974467E-1;3,865640E-1;3,728159E-1
5/14/2024  09:15:13,839413;2,957041E-1;2,815053E-1;2,682724E-1;2,526569E-1
5/14/2024  09:15:13,839513;1,580630E-1;1,407412E-1;1,206505E-1;1,065484E-1
5/14/2024  09:15:13,839613;-4,405203E-4;-1,814855E-2;-3,392480E-2;-5,243773E-2
5/14/2024  09:15:13,839713;-1,547900E-1;-1,708238E-1;-1,881454E-1;-2,037284E-1
5/14/2024  09:15:13,839813;-2,951661E-1;-3,090427E-1;-3,223076E-1;-3,360233E-1
5/14/2024  09:15:13,839913;-4,076281E-1;-4,179310E-1;-4,276865E-1;-4,341580E-1
5/14/2024  09:15:13,840013;-4,770760E-1;-4,856725E-1;-4,884414E-1;-4,916610E-1
5/14/2024  09:15:13,840113;-5,029298E-1;-5,037991E-1;-5,025434E-1;-4,998067E-1
5/14/2024  09:15:13,840213;-4,803600E-1;-4,725041E-1;-4,689303E-1;-4,591103E-1
5/14/2024  09:15:13,840313;-4,077891E-1;-3,961340E-1;-3,893084E-1;-3,777499E-1
5/14/2024  09:15:13,840413;-3,001887E-1;-2,839618E-1;-2,672840E-1;-2,519908E-1
5/14/2024  09:15:13,840513;-1,580096E-1;-1,386274E-1;-1,239137E-1;-1,078799E-1
5/14/2024  09:15:13,840613;-2,114735E-3;1,333956E-2;3,310818E-2;4,988254E-2
5/14/2024  09:15:13,840713;1,547467E-1;1,692996E-1;1,850760E-1;2,023656E-1
5/14/2024  09:15:13,840813;2,941264E-1;3,072306E-1;3,198840E-1;3,343082E-1
5/14/2024  09:15:13,840913;4,018577E-1;4,173445E-1;4,241703E-1;4,323806E-1
5/14/2024  09:15:13,841013;4,768451E-1;4,820289E-1;4,863755E-1;4,910441E-1
5/14/2024  09:15:13,841113;5,045027E-1;5,021844E-1;5,000272E-1;4,973548E-1
5/14/2024  09:15:13,841213;4,793565E-1;4,728848E-1;4,677332E-1;4,587502E-1
5/14/2024  09:15:13,841313;4,082005E-1;3,978652E-1;3,854049E-1;3,744579E-1
5/14/2024  09:15:13,841413;2,951567E-1;2,827931E-1;2,680148E-1;2,538804E-1
5/14/2024  09:15:13,841513;1,566463E-1;1,410310E-1;1,231618E-1;1,046488E-1
5/14/2024  09:15:13,841613;-2,243521E-3;-1,666752E-2;-3,373162E-2;-5,147184E-2
5/14/2024  09:15:13,841713;-1,544036E-1;-1,697935E-1;-1,902382E-1;-2,022796E-1
5/14/2024  09:15:13,841813;-2,960998E-1;-3,082056E-1;-3,225330E-1;-3,341559E-1
5/14/2024  09:15:13,841913;-4,077247E-1;-4,190257E-1;-4,257870E-1;-4,376353E-1
5/14/2024  09:15:13,842013;-4,816479E-1;-4,828714E-1;-4,894073E-1;-4,908883E-1
5/14/2024  09:15:13,842113;-5,044752E-1;-5,057953E-1;-5,020283E-1;-4,995814E-1
5/14/2024  09:15:13,842213;-4,794907E-1;-4,746290E-1;-4,662901E-1;-4,606236E-1
5/14/2024  09:15:13,842313;-4,083687E-1;-3,974541E-1;-3,862819E-1;-3,760112E-1
5/14/2024  09:15:13,842413;-2,999312E-1;-2,842193E-1;-2,696344E-1;-2,544377E-1
5/14/2024  09:15:13,842513;-1,588145E-1;-1,411065E-1;-1,246220E-1;-1,081375E-1
5/14/2024  09:15:13,842613;-1,631788E-3;1,494938E-2;3,162714E-2;5,007572E-2
5/14/2024  09:15:13,842713;1,509153E-1;1,692674E-1;1,858487E-1;2,033637E-1
5/14/2024  09:15:13,842813;2,938045E-1;3,066510E-1;3,210753E-1;3,331491E-1
5/14/2024  09:15:13,842913;4,053350E-1;4,125471E-1;4,226570E-1;4,332177E-1
5/14/2024  09:15:13,843013;4,788735E-1;4,838641E-1;4,869229E-1;4,927184E-1
5/14/2024  09:15:13,843113;5,008643E-1;5,020235E-1;4,998984E-1;4,983529E-1
5/14/2024  09:15:13,843213;4,794531E-1;4,748166E-1;4,671215E-1;4,605532E-1
5/14/2024  09:15:13,843313;4,069448E-1;3,996361E-1;3,868538E-1;3,762610E-1
5/14/2024  09:15:13,843413;2,959939E-1;2,834693E-1;2,674352E-1;2,530755E-1
5/14/2024  09:15:13,843513;1,591898E-1;1,399685E-1;1,244175E-1;1,056147E-1
5/14/2024  09:15:13,843613;4,131374E-3;-1,602359E-2;-3,299110E-2;-4,738289E-2
5/14/2024  09:15:13,843713;-1,532768E-1;-1,686344E-1;-1,859883E-1;-2,030523E-1
5/14/2024  09:15:13,843813;-2,921074E-1;-3,093003E-1;-3,198929E-1;-3,352184E-1
5/14/2024  09:15:13,843913;-4,063403E-1;-4,185749E-1;-4,225673E-1;-4,340936E-1
5/14/2024  09:15:13,844013;-4,754661E-1;-4,831289E-1;-4,884092E-1;-4,911137E-1
5/14/2024  09:15:13,844113;-5,049582E-1;-5,001609E-1;-4,998389E-1;-5,017707E-1
5/14/2024  09:15:13,844213;-4,804244E-1;-4,729870E-1;-4,676424E-1;-4,610743E-1
5/14/2024  09:15:13,844313;-4,087550E-1;-3,978082E-1;-3,865073E-1;-3,761722E-1
5/14/2024  09:15:13,844413;-2,968725E-1;-2,833500E-1;-2,684109E-1;-2,546631E-1
5/14/2024  09:15:13,844513;-1,585248E-1;-1,415251E-1;-1,250084E-1;-1,073004E-1
5/14/2024  09:15:13,844613;-3,531378E-3;1,340395E-2;3,079003E-2;4,946399E-2
5/14/2024  09:15:13,844713;1,513339E-1;1,680117E-1;1,858809E-1;2,026553E-1
5/14/2024  09:15:13,844813;2,920980E-1;3,081965E-1;3,209787E-1;3,336321E-1
5/14/2024  09:15:13,844913;4,029202E-1;4,160888E-1;4,219809E-1;4,324450E-1
5/14/2024  09:15:13,845013;4,782940E-1;4,811917E-1;4,847978E-1;4,903680E-1
5/14/2024  09:15:13,845113;4,999950E-1;5,049534E-1;5,015083E-1;5,010897E-1
5/14/2024  09:15:13,845213;4,776822E-1;4,743015E-1;4,661556E-1;4,609396E-1
5/14/2024  09:15:13,845313;4,074600E-1;3,987667E-1;3,861455E-1;3,754882E-1
5/14/2024  09:15:13,845413;2,983764E-1;2,835015E-1;2,684655E-1;2,552970E-1
5/14/2024  09:15:13,845513;1,578376E-1;1,383586E-1;1,250936E-1;1,057435E-1
5/14/2024  09:15:13,845613;6,541585E-4;-1,463915E-2;-3,199301E-2;-5,166501E-2
5/14/2024  09:15:13,845713;-1,538563E-1;-1,706306E-1;-1,894977E-1;-2,030201E-1
5/14/2024  09:15:13,845813;-2,959710E-1;-3,097832E-1;-3,202793E-1;-3,369570E-1
5/14/2024  09:15:13,845913;-4,069842E-1;-4,152587E-1;-4,254972E-1;-4,341580E-1
5/14/2024  09:15:13,846013;-4,790722E-1;-4,830323E-1;-4,877008E-1;-4,910493E-1
5/14/2024  09:15:13,846113;-5,035093E-1;-5,030264E-1;-5,043465E-1;-4,999999E-1
5/14/2024  09:15:13,846213;-4,823562E-1;-4,747900E-1;-4,672238E-1;-4,636822E-1
5/14/2024  09:15:13,846313;-4,099463E-1;-3,992571E-1;-3,858955E-1;-3,756893E-1
5/14/2024  09:15:13,846413;-3,001887E-1;-2,852818E-1;-2,668333E-1;-2,538260E-1
5/14/2024  09:15:13,846513;-1,598126E-1;-1,440042E-1;-1,243644E-1;-1,063989E-1
5/14/2024  09:15:13,846613;-2,919646E-3;1,362932E-2;2,892264E-2;4,914202E-2
5/14/2024  09:15:13,846713;1,497562E-1;1,680761E-1;1,850438E-1;2,021724E-1
5/14/2024  09:15:13,846813;2,943518E-1;3,081643E-1;3,207533E-1;3,344370E-1
5/14/2024  09:15:13,846913;4,052706E-1;4,155093E-1;4,242025E-1;4,326704E-1
5/14/2024  09:15:13,847013;4,765231E-1;4,782296E-1;4,885005E-1;4,933945E-1
5/14/2024  09:15:13,847113;5,006390E-1;5,042129E-1;5,033758E-1;4,997696E-1
5/14/2024  09:15:13,847213;4,782618E-1;4,730458E-1;4,665419E-1;4,608752E-1
5/14/2024  09:15:13,847313;4,078141E-1;3,975110E-1;3,871436E-1;3,774522E-1
5/14/2024  09:15:13,847413;2,989560E-1;2,846284E-1;2,677894E-1;2,524637E-1
5/14/2024  09:15:13,847513;1,579986E-1;1,409988E-1;1,257376E-1;1,070958E-1
5/14/2024  09:15:13,847613;1,684444E-3;-1,521868E-2;-3,270133E-2;-4,677116E-2
5/14/2024  09:15:13,847713;-1,553695E-1;-1,706628E-1;-1,826076E-1;-2,023440E-1
5/14/2024  09:15:13,847813;-2,937817E-1;-3,093003E-1;-3,208910E-1;-3,365384E-1
5/14/2024  09:15:13,847913;-4,038612E-1;-4,161924E-1;-4,256260E-1;-4,332887E-1
5/14/2024  09:15:13,848013;-4,771726E-1;-4,827104E-1;-4,871535E-1;-4,902444E-1
5/14/2024  09:15:13,848113;-5,057631E-1;-5,026078E-1;-5,026400E-1;-5,024147E-1
5/14/2024  09:15:13,848213;-4,795229E-1;-4,778487E-1;-4,707977E-1;-4,607201E-1
5/14/2024  09:15:13,848313;-4,108478E-1;-3,961340E-1;-3,893406E-1;-3,775567E-1
5/14/2024  09:15:13,848413;-2,985145E-1;-2,849920E-1;-2,693124E-1;-2,537294E-1
5/14/2024  09:15:13,848513;-1,594907E-1;-1,399475E-1;-1,266504E-1;-1,100370E-1
5/14/2024  09:15:13,848613;-3,145021E-3;1,147216E-2;2,911582E-2;4,898104E-2
5/14/2024  09:15:13,848713;1,511085E-1;1,656292E-1;1,845286E-1;2,005304E-1
5/14/2024  09:15:13,848813;2,931605E-1;3,064579E-1;3,204635E-1;3,318290E-1
5/14/2024  09:15:13,848913;4,051418E-1;4,152839E-1;4,245245E-1;4,340227E-1
5/14/2024  09:15:13,849013;4,756216E-1;4,810629E-1;4,868263E-1;4,903358E-1
5/14/2024  09:15:13,849113;5,026030E-1;5,051144E-1;4,991579E-1;4,990935E-1
5/14/2024  09:15:13,849213;4,774568E-1;4,740117E-1;4,683128E-1;4,606176E-1
5/14/2024  09:15:13,849313;4,091342E-1;3,983482E-1;3,885924E-1;3,778708E-1
5/14/2024  09:15:13,849413;2,956397E-1;2,839522E-1;2,679826E-1;2,541380E-1
5/14/2024  09:15:13,849513;1,556804E-1;1,425120E-1;1,235160E-1;1,055825E-1
5/14/2024  09:15:13,849613;3,101088E-3;-1,335129E-2;-3,160666E-2;-5,053814E-2
5/14/2024  09:15:13,849713;-1,529870E-1;-1,691818E-1;-1,843784E-1;-2,020542E-1
5/14/2024  09:15:13,849813;-2,945544E-1;-3,057265E-1;-3,179611E-1;-3,311616E-1
5/14/2024  09:15:13,849913;-4,072418E-1;-4,196696E-1;-4,249176E-1;-4,346732E-1
5/14/2024  09:15:13,850013;-4,781063E-1;-4,809396E-1;-4,896326E-1;-4,927235E-1
5/14/2024  09:15:13,850113;-5,018029E-1;-5,053124E-1;-5,043786E-1;-5,025112E-1
5/14/2024  09:15:13,850213;-4,806176E-1;-4,738241E-1;-4,712162E-1;-4,640364E-1
5/14/2024  09:15:13,850313;-4,090126E-1;-3,990317E-1;-3,883747E-1;-3,783616E-1
5/14/2024  09:15:13,850413;-2,981282E-1;-2,868272E-1;-2,686041E-1;-2,557577E-1
5/14/2024  09:15:13,850513;-1,603922E-1;-1,420724E-1;-1,262318E-1;-1,097151E-1
5/14/2024  09:15:13,850613;-3,434789E-3;1,414447E-2;2,979194E-2;4,643752E-2
5/14/2024  09:15:13,850713;1,508831E-1;1,671102E-1;1,841422E-1;2,005626E-1
5/14/2024  09:15:13,850813;2,899086E-1;3,058783E-1;3,190469E-1;3,324408E-1
5/14/2024  09:15:13,850913;4,029524E-1;4,148331E-1;4,234298E-1;4,328314E-1
5/14/2024  09:15:13,851013;4,760080E-1;4,809020E-1;4,840251E-1;4,902392E-1
5/14/2024  09:15:13,851113;5,034401E-1;5,032792E-1;4,999628E-1;5,011863E-1
5/14/2024  09:15:13,851213;4,783262E-1;4,735610E-1;4,685704E-1;4,578487E-1
5/14/2024  09:15:13,851313;4,081039E-1;3,997970E-1;3,885602E-1;3,780640E-1
5/14/2024  09:15:13,851413;3,002117E-1;2,858196E-1;2,684655E-1;2,539770E-1
5/14/2024  09:15:13,851513;1,581596E-1;1,420612E-1;1,250936E-1;1,080938E-1
5/14/2024  09:15:13,851613;1,394676E-3;-1,283615E-2;-3,035100E-2;-4,722191E-2
5/14/2024  09:15:13,851713;-1,511518E-1;-1,693749E-1;-1,861814E-1;-2,036318E-1
5/14/2024  09:15:13,851813;-2,911737E-1;-3,061451E-1;-3,215349E-1;-3,368282E-1
5/14/2024  09:15:13,851913;-4,048271E-1;-4,162246E-1;-4,256582E-1;-4,342224E-1
5/14/2024  09:15:13,852013;-4,759491E-1;-4,827748E-1;-4,884092E-1;-4,938504E-1
5/14/2024  09:15:13,852113;-5,019961E-1;-5,031230E-1;-5,041533E-1;-5,015454E-1
5/14/2024  09:15:13,852213;-4,806176E-1;-4,749188E-1;-4,691556E-1;-4,624266E-1
5/14/2024  09:15:13,852313;-4,104614E-1;-4,013176E-1;-3,896947E-1;-3,757537E-1
5/14/2024  09:15:13,852413;-3,019917E-1;-2,843481E-1;-2,713408E-1;-2,552104E-1
5/14/2024  09:15:13,852513;-1,595550E-1;-1,431671E-1;-1,256845E-1;-1,078799E-1
5/14/2024  09:15:13,852613;-5,237789E-3;1,414447E-2;2,834310E-2;4,447353E-2
5/14/2024  09:15:13,852713;1,488225E-1;1,672390E-1;1,823392E-1;1,990493E-1
5/14/2024  09:15:13,852813;2,910999E-1;3,036889E-1;3,166321E-1;3,314427E-1
5/14/2024  09:15:13,852913;4,031455E-1;4,148009E-1;4,254904E-1;4,310283E-1
5/14/2024  09:15:13,853013;4,756216E-1;4,811273E-1;4,862145E-1;4,901104E-1
5/14/2024  09:15:13,853113;5,021844E-1;5,013473E-1;5,011541E-1;4,990291E-1
5/14/2024  09:15:13,853213;4,804834E-1;4,729492E-1;4,679586E-1;4,611006E-1
5/14/2024  09:15:13,853313;4,081683E-1;3,986058E-1;3,886568E-1;3,734276E-1
5/14/2024  09:15:13,853413;2,991814E-1;2,842098E-1;2,694958E-1;2,549751E-1
5/14/2024  09:15:13,853513;1,574512E-1;1,435423E-1;1,247395E-1;1,072245E-1
5/14/2024  09:15:13,853613;4,066981E-3;-1,293273E-2;-3,076955E-2;-4,908930E-2
5/14/2024  09:15:13,853713;-1,522465E-1;-1,676041E-1;-1,840565E-1;-1,988990E-1
5/14/2024  09:15:13,853813;-2,936851E-1;-3,048250E-1;-3,202471E-1;-3,329968E-1
5/14/2024  09:15:13,853913;-4,038290E-1;-4,156451E-1;-4,231146E-1;-4,324194E-1
5/14/2024  09:15:13,854013;-4,804888E-1;-4,831933E-1;-4,867349E-1;-4,936894E-1
5/14/2024  09:15:13,854113;-5,039923E-1;-5,013844E-1;-5,039923E-1;-5,003863E-1
5/14/2024  09:15:13,854213;-4,800703E-1;-4,741461E-1;-4,676746E-1;-4,644227E-1
5/14/2024  09:15:13,854313;-4,097853E-1;-3,987741E-1;-3,901777E-1;-3,775567E-1
5/14/2024  09:15:13,854413;-2,989331E-1;-2,859901E-1;-2,699241E-1;-2,554680E-1
5/14/2024  09:15:13,854513;-1,599092E-1;-1,419114E-1;-1,264572E-1;-1,082019E-1
5/14/2024  09:15:13,854613;-4,980217E-3;1,195511E-2;3,037148E-2;4,595457E-2
5/14/2024  09:15:13,854713;1,511085E-1;1,673356E-1;1,819851E-1;1,987273E-1
5/14/2024  09:15:13,854813;2,915829E-1;3,039787E-1;3,196586E-1;3,338897E-1
5/14/2024  09:15:13,854913;4,048842E-1;4,137706E-1;4,233010E-1;4,296760E-1
5/14/2024  09:15:13,855013;4,773602E-1;4,801614E-1;4,887259E-1;4,900460E-1
5/14/2024  09:15:13,855113;5,022488E-1;5,033114E-1;5,019269E-1;5,033436E-1
5/14/2024  09:15:13,855213;4,793565E-1;4,728526E-1;4,657692E-1;4,570759E-1
5/14/2024  09:15:13,855313;4,111304E-1;4,009561E-1;3,879163E-1;3,750053E-1
5/14/2024  09:15:13,855413;2,981511E-1;2,826965E-1;2,713311E-1;2,520774E-1
5/14/2024  09:15:13,855513;1,588357E-1;1,430915E-1;1,248039E-1;1,080295E-1
5/14/2024  09:15:13,855613;2,585945E-3;-1,293273E-2;-3,189642E-2;-4,712532E-2
5/14/2024  09:15:13,855713;-1,509908E-1;-1,666382E-1;-1,837989E-1;-1,999293E-1
5/14/2024  09:15:13,855813;-2,920108E-1;-3,066924E-1;-3,209876E-1;-3,330290E-1
5/14/2024  09:15:13,855913;-4,038612E-1;-4,174159E-1;-4,249176E-1;-4,361220E-1
5/14/2024  09:15:13,856013;-4,768184E-1;-4,823884E-1;-4,896326E-1;-4,910815E-1
5/14/2024  09:15:13,856113;-5,033162E-1;-5,040889E-1;-5,047972E-1;-5,035415E-1
5/14/2024  09:15:13,856213;-4,783316E-1;-4,756593E-1;-4,671272E-1;-4,620080E-1
5/14/2024  09:15:13,856313;-4,112985E-1;-4,011245E-1;-3,880849E-1;-3,769449E-1
5/14/2024  09:15:13,856413;-2,993194E-1;-2,863443E-1;-2,696344E-1;-2,570778E-1
5/14/2024  09:15:13,856513;-1,616478E-1;-1,429739E-1;-1,260064E-1;-1,093287E-1
5/14/2024  09:15:13,856613;-5,044610E-3;1,111800E-2;2,885825E-2;4,663070E-2
5/14/2024  09:15:13,856713;1,519778E-1;1,665951E-1;1,817597E-1;1,990815E-1
5/14/2024  09:15:13,856813;2,920014E-1;3,052666E-1;3,185961E-1;3,309275E-1
5/14/2024  09:15:13,856913;4,015679E-1;4,134486E-1;4,217877E-1;4,321230E-1
5/14/2024  09:15:13,857013;4,751064E-1;4,809341E-1;4,875346E-1;4,920423E-1
5/14/2024  09:15:13,857113;5,029572E-1;5,018947E-1;5,019269E-1;5,000272E-1
5/14/2024  09:15:13,857213;4,788091E-1;4,724018E-1;4,681518E-1;4,575589E-1
5/14/2024  09:15:13,857313;4,100357E-1;3,992175E-1;3,888822E-1;3,777098E-1
5/14/2024  09:15:13,857413;2,978935E-1;2,837912E-1;2,708159E-1;2,568747E-1
5/14/2024  09:15:13,857513;1,590611E-1;1,414173E-1;1,242243E-1;1,107340E-1
5/14/2024  09:15:13,857613;4,517731E-3;-1,283615E-2;-3,022221E-2;-4,661018E-2
5/14/2024  09:15:13,857713;-1,535343E-1;-1,648996E-1;-1,851511E-1;-2,002190E-1
5/14/2024  09:15:13,857813;-2,912703E-1;-3,060807E-1;-3,193134E-1;-3,316768E-1
5/14/2024  09:15:13,857913;-4,043119E-1;-4,154519E-1;-4,238874E-1;-4,307452E-1
5/14/2024  09:15:13,858013;-4,739207E-1;-4,830967E-1;-4,871535E-1;-4,906951E-1
5/14/2024  09:15:13,858113;-5,050548E-1;-5,056987E-1;-5,034771E-1;-5,040245E-1
5/14/2024  09:15:13,858213;-4,815835E-1;-4,766252E-1;-4,660648E-1;-4,610099E-1
5/14/2024  09:15:13,858313;-4,126186E-1;-3,989995E-1;-3,910470E-1;-3,794885E-1
5/14/2024  09:15:13,858413;-3,002531E-1;-2,850886E-1;-2,700529E-1;-2,548562E-1
5/14/2024  09:15:13,858513;-1,605853E-1;-1,404304E-1;-1,257167E-1;-1,100049E-1
5/14/2024  09:15:13,858613;-6,590039E-3;1,237366E-2;3,030709E-2;4,788636E-2
5/14/2024  09:15:13,858713;1,490801E-1;1,653716E-1;1,844642E-1;1,993713E-1
5/14/2024  09:15:13,858813;2,911643E-1;3,040109E-1;3,171794E-1;3,339219E-1
5/14/2024  09:15:13,858913;4,003122E-1;4,130623E-1;4,217877E-1;4,322840E-1
5/14/2024  09:15:13,859013;4,774890E-1;4,812239E-1;4,863433E-1;4,901104E-1
5/14/2024  09:15:13,859113;5,011541E-1;5,020879E-1;4,999950E-1;4,985139E-1
5/14/2024  09:15:13,859213;4,808698E-1;4,731102E-1;4,672503E-1;4,624207E-1
5/14/2024  09:15:13,859313;4,084259E-1;3,997005E-1;3,883349E-1;3,756492E-1
5/14/2024  09:15:13,859413;2,982476E-1;2,859806E-1;2,717818E-1;2,563917E-1
5/14/2024  09:15:13,859513;1,617012E-1;1,434779E-1;1,268966E-1;1,091241E-1
5/14/2024  09:15:13,859613;4,904088E-3;-1,438157E-2;-3,170325E-2;-4,815561E-2
5/14/2024  09:15:13,859713;-1,510230E-1;-1,670246E-1;-1,838311E-1;-2,006376E-1
5/14/2024  09:15:13,859813;-2,926226E-1;-3,051470E-1;-3,198929E-1;-3,347354E-1
5/14/2024  09:15:13,859913;-4,010279E-1;-4,134557E-1;-4,233722E-1;-4,341580E-1
5/14/2024  09:15:13,860013;-4,778487E-1;-4,829035E-1;-4,864130E-1;-4,921118E-1
5/14/2024  09:15:13,860113;-5,040567E-1;-5,035093E-1;-5,003541E-1;-5,012556E-1
5/14/2024  09:15:13,860213;-4,815513E-1;-4,748222E-1;-4,686727E-1;-4,608811E-1
5/14/2024  09:15:13,860313;-4,075316E-1;-3,998688E-1;-3,908860E-1;-3,801646E-1
5/14/2024  09:15:13,860413;-3,001565E-1;-2,873746E-1;-2,740453E-1;-2,549206E-1
5/14/2024  09:15:13,860513;-1,632898E-1;-1,452277E-1;-1,288719E-1;-1,094897E-1
5/14/2024  09:15:13,860613;-3,982128E-3;9,701358E-3;2,911582E-2;4,811174E-2
5/14/2024  09:15:13,860713;1,475669E-1;1,649208E-1;1,817597E-1;1,986630E-1
5/14/2024  09:15:13,860813;2,911321E-1;3,010488E-1;3,203669E-1;3,325052E-1
5/14/2024  09:15:13,860913;4,029846E-1;4,132877E-1;4,216911E-1;4,326060E-1
5/14/2024  09:15:13,861013;4,732390E-1;4,815781E-1;4,850232E-1;4,889191E-1
5/14/2024  09:15:13,861113;5,025708E-1;5,051144E-1;5,033758E-1;4,991579E-1
5/14/2024  09:15:13,861213;4,795819E-1;4,761045E-1;4,686026E-1;4,587824E-1
5/14/2024  09:15:13,861313;4,090698E-1;3,997970E-1;3,890754E-1;3,778708E-1
5/14/2024  09:15:13,861413;2,979901E-1;2,839522E-1;2,710735E-1;2,560376E-1
5/14/2024  09:15:13,861513;1,618622E-1;1,433169E-1;1,255766E-1;1,097359E-1
5/14/2024  09:15:13,861613;4,388945E-3;-1,212782E-2;-2,980366E-2;-4,648139E-2
5/14/2024  09:15:13,861713;-1,527938E-1;-1,682159E-1;-1,834447E-1;-1,985770E-1
5/14/2024  09:15:13,861813;-2,916245E-1;-3,060485E-1;-3,188626E-1;-3,309363E-1
5/14/2024  09:15:13,861913;-4,029919E-1;-4,122966E-1;-4,232756E-1;-4,336429E-1
5/14/2024  09:15:13,862013;-4,739207E-1;-4,828070E-1;-4,881838E-1;-4,899868E-1
5/14/2024  09:15:13,862113;-5,018995E-1;-5,008692E-1;-5,017385E-1;-5,008692E-1
5/14/2024  09:15:13,862213;-4,817123E-1;-4,764642E-1;-4,685439E-1;-4,649379E-1
5/14/2024  09:15:13,862313;-4,096565E-1;-3,988063E-1;-3,885679E-1;-3,775245E-1
5/14/2024  09:15:13,862413;-3,001243E-1;-2,875356E-1;-2,726608E-1;-2,597179E-1
5/14/2024  09:15:13,862513;-1,613902E-1;-1,430061E-1;-1,271977E-1;-1,090390E-1
5/14/2024  09:15:13,862613;-6,332467E-3;1,082823E-2;2,834310E-2;4,305689E-2
5/14/2024  09:15:13,862713;1,493699E-1;1,642769E-1;1,808904E-1;1,971819E-1
5/14/2024  09:15:13,862813;2,924200E-1;3,029162E-1;3,174692E-1;3,306056E-1
5/14/2024  09:15:13,862913;4,021152E-1;4,110339E-1;4,223351E-1;4,310927E-1
5/14/2024  09:15:13,863013;4,755894E-1;4,818035E-1;4,850876E-1;4,904002E-1
5/14/2024  09:15:13,863113;5,015405E-1;5,037621E-1;5,007356E-1;4,995765E-1
5/14/2024  09:15:13,863213;4,798072E-1;4,754606E-1;4,659946E-1;4,613260E-1
5/14/2024  09:15:13,863313;4,101967E-1;3,993463E-1;3,883993E-1;3,763897E-1
5/14/2024  09:15:13,863413;2,992779E-1;2,860128E-1;2,723292E-1;2,573898E-1
5/14/2024  09:15:13,863513;1,609929E-1;1,427374E-1;1,254478E-1;1,118287E-1
;;;;
